PANHash,"Last digits"
226df99a1636fa3c395935bd2d92875f0fbf7d17,2270
4a477b093b9a5945c857ec3204143fd64cb472d9,3913
b273dc7eee9e7bdd55b7498b1bd2b7af746708cd,0111
5860b86d7ecd4e5d58a07a14826943fc70444d33,8542
e9dbeff1b404265088b8394486f75cdbe673f413,3243
34d1551df4629a18c3079f245472b28b395469e3,0127
d7e6fc5ca2d2531afde63375fbb73e61885ed339,2281
6987caefe54d2911443a4fb1f8df0141b8611283,6448
29871091785b62a8ff71bb9fa3ca444b0a724219,5625
69dae68a36dbc07041395d1d46d75fc1f56431b1,1761
a240447b61a15626e40483e8251391ce871a7d6d,8813
6da3e27bf50949dd3929034e03bd87b32fc0c9bd,5866
4bf59ebd6ff3a00d8233add170a210c10b10d1ad,4115
c7aa55486cdf797599b89a7752493c65fde5d130,7255
648116124a6e0b713261d716d63a4b573c26cbe8,3892
2fec7e2bcf69d1fc6ef34a328a4834f47a5e7e25,1494
c34d15ed4de844a64017a4d55f8d26cb14252463,7041
15d5a3b3137009bea0cfdb0bf290862f1bdb5125,4130
ed1ae655a7a6357fb7b3e4ccce2a969bbdeb58d7,2134
e487bd06a43e2d93a8bfbd4dee9cd55a290fdccd,6187